Model,MAE,R²
XGBoost,0.015402515392240336,0.9338927268981934
RandomForest,0.014947700660825942,0.9345944894731194
DecisionTree,0.015158077403813438,0.9104517094362234
LinearRegression,0.06698987622728628,0.6846824096749493
